{
    "metrics": {
        "http_req_duration": {
            "med": 526.1833955,
            "min": 94.861208,
            "max": 30004.098458,
            "p(90)": 29999.402017,
            "p(95)": 30000.40832105,
            "avg": 4506.84024930739
        },
        "http_req_tls_handshaking": {
            "avg": 99.26499940077822,
            "med": 0,
            "min": 0,
            "max": 2893.396085,
            "p(90)": 0,
            "p(95)": 0
        },
        "http_req_waiting": {
            "p(95)": 30000.19173925,
            "avg": 4506.133703019453,
            "med": 525.7016040000001,
            "min": 94.577792,
            "max": 30003.603875,
            "p(90)": 29999.2293794
        },
        "http_req_failed": {
            "passes": 69,
            "fails": 445,
            "value": 0.13424124513618677
        },
        "iteration_duration": {
            "avg": 4825.181118293775,
            "med": 734.398229,
            "min": 296.753125,
            "max": 30289.765389,
            "p(90)": 30202.5300514,
            "p(95)": 30203.9634243
        },
        "http_reqs": {
            "count": 514,
            "rate": 3.949224856829522
        },
        "latency_total_ms": {
            "avg": 4506.84024930739,
            "med": 526.1833955,
            "min": 94.861208,
            "max": 30004.098458,
            "p(90)": 29999.402017,
            "p(95)": 30000.40832105
        },
        "status_200": {
            "passes": 445,
            "fails": 69,
            "value": 0.8657587548638133
        },
        "vus": {
            "value": 1,
            "min": 1,
            "max": 20
        },
        "iterations": {
            "count": 514,
            "rate": 3.949224856829522
        },
        "http_req_connecting": {
            "p(95)": 0,
            "avg": 15.612721797665367,
            "med": 0,
            "min": 0,
            "max": 499.225792,
            "p(90)": 0
        },
        "vus_max": {
            "value": 20,
            "min": 20,
            "max": 20
        },
        "ok_or_throttled": {
            "passes": 445,
            "fails": 69,
            "value": 0.8657587548638133
        },
        "status_5xx": {
            "passes": 0,
            "fails": 514,
            "value": 0
        },
        "http_req_duration{expected_response:true}": {
            "p(90)": 637.8645924,
            "p(95)": 669.3000918,
            "avg": 623.976651856179,
            "med": 508.44575,
            "min": 94.861208,
            "max": 26165.343873
        },
        "http_req_blocked": {
            "avg": 114.95712716536958,
            "med": 0.000792,
            "min": 0.000125,
            "max": 3391.023168,
            "p(90)": 0.002,
            "p(95)": 0.002681349999999999
        },
        "http_req_sending": {
            "p(95)": 0.4806478999999996,
            "avg": 0.4726275972762649,
            "med": 0.20735399999999998,
            "min": 0.037333,
            "max": 78.222917,
            "p(90)": 0.4159956
        },
        "latency_200_ms": {
            "max": 26165.343873,
            "p(90)": 637.8645924,
            "p(95)": 669.3000918,
            "avg": 623.976651856179,
            "med": 508.44575,
            "min": 94.861208
        },
        "status_429": {
            "passes": 0,
            "fails": 514,
            "value": 0
        },
        "checks": {
            "passes": 445,
            "fails": 69,
            "value": 0.8657587548638133
        },
        "data_sent": {
            "count": 125724,
            "rate": 965.9773266537643
        },
        "http_req_receiving": {
            "avg": 0.2339186906614786,
            "med": 0.101604,
            "min": 0,
            "max": 3.316834,
            "p(90)": 0.8371000000000002,
            "p(95)": 1.0400931999999998
        },
        "data_received": {
            "count": 121849,
            "rate": 936.2044738907013
        }
    },
    "root_group": {
        "checks": {
            "ok or throttled": {
                "name": "ok or throttled",
                "path": "::ok or throttled",
                "id": "2b4c5b9a31d27d8941525c094c7a4a63",
                "passes": 445,
                "fails": 69
            }
        },
        "name": "",
        "path": "",
        "id": "d41d8cd98f00b204e9800998ecf8427e",
        "groups": {}
    }
}