{
    "root_group": {
        "id": "d41d8cd98f00b204e9800998ecf8427e",
        "groups": {},
        "checks": {
                "ok or throttled": {
                    "name": "ok or throttled",
                    "path": "::ok or throttled",
                    "id": "2b4c5b9a31d27d8941525c094c7a4a63",
                    "passes": 804,
                    "fails": 57
                }
            },
        "name": "",
        "path": ""
    },
    "metrics": {
        "http_req_blocked": {
            "max": 4692.634419,
            "p(90)": 0.001958,
            "p(95)": 0.002416,
            "avg": 100.85227193147549,
            "med": 0.000792,
            "min": 0.000125
        },
        "latency_200_ms": {
            "avg": 674.682574334578,
            "med": 518.9177715000001,
            "min": 102.792041,
            "max": 28624.646124,
            "p(90)": 642.9967714,
            "p(95)": 687.7698917499998
        },
        "status_5xx": {
            "passes": 0,
            "fails": 861,
            "value": 0
        },
        "iterations": {
            "count": 861,
            "rate": 6.614330247033521
        },
        "http_req_duration{expected_response:true}": {
            "p(95)": 687.7698917499998,
            "avg": 674.682574334578,
            "med": 518.9177715000001,
            "min": 102.792041,
            "max": 28624.646124,
            "p(90)": 642.9967714
        },
        "http_req_failed": {
            "passes": 57,
            "fails": 804,
            "value": 0.06620209059233449
        },
        "latency_total_ms": {
            "avg": 2587.1566135331022,
            "med": 525.325125,
            "min": 102.792041,
            "max": 30002.652709,
            "p(90)": 701.685709,
            "p(95)": 29999.76275
        },
        "http_req_waiting": {
            "p(90)": 701.45825,
            "p(95)": 29999.659333,
            "avg": 2586.548442117304,
            "med": 525.096042,
            "min": 102.674417,
            "max": 30002.221042
        },
        "iteration_duration": {
            "min": 304.492167,
            "max": 30295.221264,
            "p(90)": 953.308751,
            "p(95)": 30202.578306,
            "avg": 2891.216145189313,
            "med": 730.972292
        },
        "http_req_tls_handshaking": {
            "min": 0,
            "max": 3909.718877,
            "p(90)": 0,
            "p(95)": 0,
            "avg": 82.81010423577237,
            "med": 0
        },
        "checks": {
            "passes": 804,
            "fails": 57,
            "value": 0.9337979094076655
        },
        "ok_or_throttled": {
            "passes": 804,
            "fails": 57,
            "value": 0.9337979094076655
        },
        "http_req_duration": {
            "p(95)": 29999.76275,
            "avg": 2587.1566135331022,
            "med": 525.325125,
            "min": 102.792041,
            "max": 30002.652709,
            "p(90)": 701.685709
        },
        "status_200": {
            "passes": 804,
            "fails": 57,
            "value": 0.9337979094076655
        },
        "data_sent": {
            "count": 201072,
            "rate": 1544.6650539274378
        },
        "http_req_connecting": {
            "max": 786.718542,
            "p(90)": 0,
            "p(95)": 0,
            "avg": 17.127094277584206,
            "med": 0,
            "min": 0
        },
        "vus_max": {
            "value": 20,
            "min": 20,
            "max": 20
        },
        "vus": {
            "value": 4,
            "min": 4,
            "max": 20
        },
        "http_req_receiving": {
            "avg": 0.35289021602787457,
            "med": 0.10625,
            "min": 0,
            "max": 70.329875,
            "p(90)": 0.91475,
            "p(95)": 1.180125
        },
        "status_429": {
            "fails": 861,
            "passes": 0,
            "value": 0
        },
        "http_reqs": {
            "count": 861,
            "rate": 6.614330247033521
        },
        "http_req_sending": {
            "avg": 0.2552811997677122,
            "med": 0.210583,
            "min": 0.03025,
            "max": 15.38875,
            "p(90)": 0.418458,
            "p(95)": 0.487417
        },
        "data_received": {
            "count": 176941,
            "rate": 1359.2871175846203
        }
    }
}