{
    "metrics": {
        "data_sent": {
            "count": 155380,
            "rate": 1193.0941856802735
        },
        "iterations": {
            "rate": 4.998740602895212,
            "count": 651
        },
        "vus_max": {
            "max": 20,
            "value": 20,
            "min": 20
        },
        "http_req_duration": {
            "avg": 3596.386292592933,
            "med": 525.671875,
            "min": 110.063667,
            "max": 30002.494125,
            "p(90)": 21214.774969,
            "p(95)": 30000.428396
        },
        "data_received": {
            "count": 143987,
            "rate": 1105.6123858511103
        },
        "iteration_duration": {
            "p(90)": 21415.520885,
            "p(95)": 30202.937159499998,
            "avg": 3816.91453669278,
            "med": 730.785208,
            "min": 316.356083,
            "max": 30207.819223
        },
        "http_req_tls_handshaking": {
            "max": 2646.04821,
            "p(90)": 0,
            "p(95)": 0,
            "avg": 14.564025420890935,
            "med": 0,
            "min": 0
        },
        "http_reqs": {
            "count": 651,
            "rate": 4.998740602895212
        },
        "http_req_connecting": {
            "p(95)": 0,
            "avg": 2.6532952488479267,
            "med": 0,
            "min": 0,
            "max": 495.622375,
            "p(90)": 0
        },
        "status_429": {
            "passes": 0,
            "fails": 651,
            "value": 0
        },
        "http_req_failed": {
            "passes": 63,
            "fails": 588,
            "value": 0.0967741935483871
        },
        "http_req_sending": {
            "min": 0.038041,
            "max": 7.313333,
            "p(90)": 0.415083,
            "p(95)": 0.4954374999999999,
            "avg": 0.2398355560675884,
            "med": 0.1975
        },
        "http_req_blocked": {
            "avg": 17.89977437019964,
            "med": 0.000792,
            "min": 0.000083,
            "max": 3144.226794,
            "p(90)": 0.001875,
            "p(95)": 0.0024584999999999997
        },
        "ok_or_throttled": {
            "passes": 588,
            "fails": 63,
            "value": 0.9032258064516129
        },
        "http_req_waiting": {
            "p(90)": 21214.521802,
            "p(95)": 30000.2600415,
            "avg": 3595.8687211228885,
            "med": 525.185625,
            "min": 109.604417,
            "max": 30002.239333
        },
        "status_200": {
            "passes": 588,
            "fails": 63,
            "value": 0.9032258064516129
        },
        "http_req_duration{expected_response:true}": {
            "avg": 767.3567449285713,
            "med": 514.4017504999999,
            "min": 110.063667,
            "max": 29953.95975,
            "p(90)": 660.186017,
            "p(95)": 756.62917895
        },
        "status_5xx": {
            "passes": 0,
            "fails": 651,
            "value": 0
        },
        "vus": {
            "value": 3,
            "min": 3,
            "max": 20
        },
        "latency_200_ms": {
            "p(95)": 756.62917895,
            "avg": 767.3567449285713,
            "med": 514.4017504999999,
            "min": 110.063667,
            "max": 29953.95975,
            "p(90)": 660.186017
        },
        "checks": {
            "passes": 588,
            "fails": 63,
            "value": 0.9032258064516129
        },
        "http_req_receiving": {
            "min": 0,
            "max": 21.356,
            "p(90)": 0.816417,
            "p(95)": 1.215229,
            "avg": 0.2777359139784944,
            "med": 0.102
        },
        "latency_total_ms": {
            "avg": 3596.386292592933,
            "med": 525.671875,
            "min": 110.063667,
            "max": 30002.494125,
            "p(90)": 21214.774969,
            "p(95)": 30000.428396
        }
    },
    "root_group": {
        "name": "",
        "path": "",
        "id": "d41d8cd98f00b204e9800998ecf8427e",
        "groups": {},
        "checks": {
                "ok or throttled": {
                    "name": "ok or throttled",
                    "path": "::ok or throttled",
                    "id": "2b4c5b9a31d27d8941525c094c7a4a63",
                    "passes": 588,
                    "fails": 63
                }
            }
    }
}