{
    "root_group": {
        "path": "",
        "id": "d41d8cd98f00b204e9800998ecf8427e",
        "groups": {},
        "checks": {
                "ok or throttled": {
                    "name": "ok or throttled",
                    "path": "::ok or throttled",
                    "id": "2b4c5b9a31d27d8941525c094c7a4a63",
                    "passes": 577,
                    "fails": 64
                }
            },
        "name": ""
    },
    "metrics": {
        "vus": {
            "value": 1,
            "min": 1,
            "max": 20
        },
        "http_req_tls_handshaking": {
            "min": 0,
            "max": 6110.123461,
            "p(90)": 0,
            "p(95)": 0,
            "avg": 80.03012627301094,
            "med": 0
        },
        "http_req_receiving": {
            "min": 0,
            "max": 25.771709,
            "p(90)": 0.787791,
            "p(95)": 1.132458,
            "avg": 0.2778198658346334,
            "med": 0.107625
        },
        "latency_200_ms": {
            "avg": 630.9751340641247,
            "med": 523.009958,
            "min": 102.264542,
            "max": 15853.459118,
            "p(90)": 624.8124338,
            "p(95)": 657.3488476
        },
        "http_req_failed": {
            "passes": 64,
            "fails": 577,
            "value": 0.0998439937597504
        },
        "status_429": {
            "passes": 0,
            "fails": 641,
            "value": 0
        },
        "data_sent": {
            "count": 153236,
            "rate": 1194.8092925194696
        },
        "http_req_duration{expected_response:true}": {
            "avg": 630.9751340641247,
            "med": 523.009958,
            "min": 102.264542,
            "max": 15853.459118,
            "p(90)": 624.8124338,
            "p(95)": 657.3488476
        },
        "vus_max": {
            "value": 20,
            "min": 20,
            "max": 20
        },
        "http_req_duration": {
            "avg": 3510.6448262636486,
            "med": 534.098584,
            "min": 102.264542,
            "max": 30016.539125,
            "p(90)": 15853.459118,
            "p(95)": 30000.15175
        },
        "http_req_waiting": {
            "med": 533.888709,
            "min": 101.664666,
            "max": 30016.234083,
            "p(90)": 15852.857326,
            "p(95)": 30000.002875,
            "avg": 3510.1224521809677
        },
        "status_200": {
            "passes": 577,
            "fails": 64,
            "value": 0.9001560062402496
        },
        "http_req_blocked": {
            "max": 6741.650378,
            "p(90)": 0.002083,
            "p(95)": 0.002958,
            "avg": 115.18730427613123,
            "med": 0.00075,
            "min": 0.000083
        },
        "data_received": {
            "count": 141549,
            "rate": 1103.6836027228485
        },
        "iteration_duration": {
            "p(90)": 16056.413216,
            "p(95)": 30203.273306,
            "avg": 3829.0429509750384,
            "med": 736.987167,
            "min": 305.095583,
            "max": 30286.49489
        },
        "http_req_connecting": {
            "avg": 34.02119294227769,
            "med": 0,
            "min": 0,
            "max": 1381.860876,
            "p(90)": 0,
            "p(95)": 0
        },
        "ok_or_throttled": {
            "passes": 577,
            "fails": 64,
            "value": 0.9001560062402496
        },
        "status_5xx": {
            "passes": 0,
            "fails": 641,
            "value": 0
        },
        "http_req_sending": {
            "max": 12.377666,
            "p(90)": 0.405625,
            "p(95)": 0.48525,
            "avg": 0.24455421684867365,
            "med": 0.197542,
            "min": 0.026875
        },
        "http_reqs": {
            "count": 641,
            "rate": 4.997994965314809
        },
        "checks": {
            "passes": 577,
            "fails": 64,
            "value": 0.9001560062402496
        },
        "iterations": {
            "count": 641,
            "rate": 4.997994965314809
        },
        "latency_total_ms": {
            "p(90)": 15853.459118,
            "p(95)": 30000.15175,
            "avg": 3510.6448262636486,
            "med": 534.098584,
            "min": 102.264542,
            "max": 30016.539125
        }
    }
}