{
    "metrics": {
        "http_req_sending": {
            "min": 0.040625,
            "max": 4.01225,
            "p(90)": 0.405791,
            "p(95)": 0.495417,
            "avg": 0.24041250774526687,
            "med": 0.195458
        },
        "http_req_failed": {
            "passes": 66,
            "fails": 515,
            "value": 0.11359724612736662
        },
        "checks": {
            "passes": 515,
            "fails": 66,
            "value": 0.8864027538726333
        },
        "data_received": {
            "count": 133755,
            "rate": 1027.0972692337016
        },
        "http_reqs": {
            "rate": 4.461466961420363,
            "count": 581
        },
        "http_req_waiting": {
            "avg": 3996.2604041893287,
            "med": 530.623417,
            "min": 103.081945,
            "max": 30001.952792,
            "p(90)": 28300.811541,
            "p(95)": 30000.123666
        },
        "http_req_blocked": {
            "med": 0.000792,
            "min": 0.000125,
            "max": 3872.41446,
            "p(90)": 0.001875,
            "p(95)": 0.002542,
            "avg": 89.05119060240943
        },
        "status_5xx": {
            "fails": 581,
            "passes": 0,
            "value": 0
        },
        "http_req_duration{expected_response:true}": {
            "p(90)": 643.396509,
            "p(95)": 673.0837374,
            "avg": 721.9544341689318,
            "med": 510.586167,
            "min": 104.195153,
            "max": 28640.311874
        },
        "http_req_connecting": {
            "avg": 6.465119979345955,
            "med": 0,
            "min": 0,
            "max": 279.6785,
            "p(90)": 0,
            "p(95)": 0
        },
        "http_req_tls_handshaking": {
            "avg": 80.89567272805505,
            "med": 0,
            "min": 0,
            "max": 3615.745585,
            "p(90)": 0,
            "p(95)": 0
        },
        "latency_total_ms": {
            "min": 104.195153,
            "max": 30002.081792,
            "p(90)": 28300.957333,
            "p(95)": 30000.383125,
            "avg": 3996.7791980843367,
            "med": 530.837292
        },
        "latency_200_ms": {
            "med": 510.586167,
            "min": 104.195153,
            "max": 28640.311874,
            "p(90)": 643.396509,
            "p(95)": 673.0837374,
            "avg": 721.9544341689318
        },
        "vus_max": {
            "value": 20,
            "min": 20,
            "max": 20
        },
        "http_req_receiving": {
            "min": 0,
            "max": 7.77525,
            "p(90)": 0.921542,
            "p(95)": 1.114542,
            "avg": 0.27838138726333866,
            "med": 0.107375
        },
        "iterations": {
            "rate": 4.461466961420363,
            "count": 581
        },
        "vus": {
            "max": 20,
            "value": 3,
            "min": 3
        },
        "http_req_duration": {
            "med": 530.837292,
            "min": 104.195153,
            "max": 30002.081792,
            "p(90)": 28300.957333,
            "p(95)": 30000.383125,
            "avg": 3996.7791980843367
        },
        "status_200": {
            "passes": 515,
            "fails": 66,
            "value": 0.8864027538726333
        },
        "status_429": {
            "passes": 0,
            "fails": 581,
            "value": 0
        },
        "data_sent": {
            "count": 140329,
            "rate": 1077.578652718
        },
        "iteration_duration": {
            "p(95)": 30203.485597,
            "avg": 4289.06188282616,
            "med": 735.090125,
            "min": 308.182667,
            "max": 30301.362764,
            "p(90)": 30202.265723
        },
        "ok_or_throttled": {
            "passes": 515,
            "fails": 66,
            "value": 0.8864027538726333
        }
    },
    "root_group": {
        "name": "",
        "path": "",
        "id": "d41d8cd98f00b204e9800998ecf8427e",
        "groups": {},
        "checks": {
                "ok or throttled": {
                    "name": "ok or throttled",
                    "path": "::ok or throttled",
                    "id": "2b4c5b9a31d27d8941525c094c7a4a63",
                    "passes": 515,
                    "fails": 66
                }
            }
    }
}