{
    "metrics": {
        "status_5xx": {
            "passes": 0,
            "fails": 551,
            "value": 0
        },
        "http_req_waiting": {
            "p(90)": 29999.686584,
            "p(95)": 30000.4103125,
            "avg": 4197.946784858436,
            "med": 544.239501,
            "min": 100.299458,
            "max": 30002.212125
        },
        "http_req_failed": {
            "passes": 69,
            "fails": 482,
            "value": 0.12522686025408347
        },
        "latency_total_ms": {
            "max": 30002.283625,
            "p(90)": 29999.82,
            "p(95)": 30000.687875,
            "avg": 4198.4826367132455,
            "med": 544.397,
            "min": 101.668208
        },
        "iterations": {
            "count": 551,
            "rate": 4.29665789106412
        },
        "http_req_connecting": {
            "med": 0,
            "min": 0,
            "max": 715.001376,
            "p(90)": 0,
            "p(95)": 0,
            "avg": 25.65661851361162
        },
        "http_req_sending": {
            "avg": 0.23426412159709625,
            "med": 0.206334,
            "min": 0.037084,
            "max": 1.907958,
            "p(90)": 0.404583,
            "p(95)": 0.49658299999999994
        },
        "vus_max": {
            "value": 20,
            "min": 20,
            "max": 20
        },
        "status_429": {
            "passes": 0,
            "fails": 551,
            "value": 0
        },
        "data_received": {
            "count": 127195,
            "rate": 991.8573510960088
        },
        "http_req_duration{expected_response:true}": {
            "max": 13149.328173,
            "p(90)": 649.5130711,
            "p(95)": 709.47460625,
            "avg": 539.3469968879668,
            "med": 521.347542,
            "min": 101.668208
        },
        "http_req_blocked": {
            "p(95)": 0.002625499999999996,
            "avg": 80.9191412504538,
            "med": 0.00075,
            "min": 0.000125,
            "max": 4231.17221,
            "p(90)": 0.001792
        },
        "http_req_tls_handshaking": {
            "p(95)": 0,
            "avg": 53.267080936479125,
            "med": 0,
            "min": 0,
            "max": 3422.935377,
            "p(90)": 0
        },
        "http_req_receiving": {
            "avg": 0.3015877332123412,
            "med": 0.108,
            "min": 0,
            "max": 10.182416,
            "p(90)": 0.952083,
            "p(95)": 1.1631249999999989
        },
        "latency_200_ms": {
            "p(95)": 709.47460625,
            "avg": 539.3469968879668,
            "med": 521.347542,
            "min": 101.668208,
            "max": 13149.328173,
            "p(90)": 649.5130711
        },
        "data_sent": {
            "count": 133774,
            "rate": 1043.1599141909467
        },
        "vus": {
            "value": 3,
            "min": 3,
            "max": 20
        },
        "http_reqs": {
            "count": 551,
            "rate": 4.29665789106412
        },
        "checks": {
            "passes": 482,
            "fails": 69,
            "value": 0.8747731397459165
        },
        "status_200": {
            "passes": 482,
            "fails": 69,
            "value": 0.8747731397459165
        },
        "ok_or_throttled": {
            "passes": 482,
            "fails": 69,
            "value": 0.8747731397459165
        },
        "iteration_duration": {
            "avg": 4483.141822635212,
            "med": 748.058917,
            "min": 305.130208,
            "max": 30300.457514,
            "p(90)": 30202.119514,
            "p(95)": 30203.5709305
        },
        "http_req_duration": {
            "avg": 4198.4826367132455,
            "med": 544.397,
            "min": 101.668208,
            "max": 30002.283625,
            "p(90)": 29999.82,
            "p(95)": 30000.687875
        }
    },
    "root_group": {
        "groups": {},
        "checks": {
                "ok or throttled": {
                    "passes": 482,
                    "fails": 69,
                    "name": "ok or throttled",
                    "path": "::ok or throttled",
                    "id": "2b4c5b9a31d27d8941525c094c7a4a63"
                }
            },
        "name": "",
        "path": "",
        "id": "d41d8cd98f00b204e9800998ecf8427e"
    }
}