{
    "root_group": {
        "name": "",
        "path": "",
        "id": "d41d8cd98f00b204e9800998ecf8427e",
        "groups": {},
        "checks": {
                "ok or throttled": {
                    "id": "2b4c5b9a31d27d8941525c094c7a4a63",
                    "passes": 728,
                    "fails": 61,
                    "name": "ok or throttled",
                    "path": "::ok or throttled"
                }
            }
    },
    "metrics": {
        "data_received": {
            "count": 165360,
            "rate": 1270.472764640761
        },
        "status_200": {
            "passes": 728,
            "fails": 61,
            "value": 0.9226869455006337
        },
        "http_req_receiving": {
            "p(95)": 1.2364077999999998,
            "avg": 0.30562959442332066,
            "med": 0.103792,
            "min": 0,
            "max": 32.403041,
            "p(90)": 0.8399916000000001
        },
        "data_sent": {
            "count": 185482,
            "rate": 1425.0715368353751
        },
        "vus": {
            "value": 4,
            "min": 4,
            "max": 20
        },
        "iteration_duration": {
            "avg": 3149.044610648925,
            "med": 730.338958,
            "min": 297.9235,
            "max": 30304.212764,
            "p(90)": 1005.5700752000013,
            "p(95)": 30203.0031138
        },
        "latency_200_ms": {
            "p(90)": 630.2006796000001,
            "p(95)": 671.8337169999999,
            "avg": 652.7332520068684,
            "med": 516.5836879999999,
            "min": 95.080792,
            "max": 26016.288748
        },
        "http_req_blocked": {
            "avg": 45.74645567046889,
            "med": 0.000833,
            "min": 0.000083,
            "max": 4482.396086,
            "p(90)": 0.001917,
            "p(95)": 0.002375
        },
        "http_req_tls_handshaking": {
            "avg": 38.87453376552598,
            "med": 0,
            "min": 0,
            "max": 3704.359127,
            "p(90)": 0,
            "p(95)": 0
        },
        "iterations": {
            "count": 789,
            "rate": 6.061943706468072
        },
        "http_req_duration": {
            "avg": 2900.128873721165,
            "med": 527.422542,
            "min": 95.080792,
            "max": 30001.885291,
            "p(90)": 772.4340840000001,
            "p(95)": 29999.8657416
        },
        "http_req_failed": {
            "passes": 61,
            "fails": 728,
            "value": 0.07731305449936629
        },
        "http_req_duration{expected_response:true}": {
            "med": 516.5836879999999,
            "min": 95.080792,
            "max": 26016.288748,
            "p(90)": 630.2006796000001,
            "p(95)": 671.8337169999999,
            "avg": 652.7332520068684
        },
        "http_req_sending": {
            "avg": 0.2725860823827632,
            "med": 0.2175,
            "min": 0.033417,
            "max": 23.427958,
            "p(90)": 0.4236418,
            "p(95)": 0.4997663999999997
        },
        "latency_total_ms": {
            "avg": 2900.128873721165,
            "med": 527.422542,
            "min": 95.080792,
            "max": 30001.885291,
            "p(90)": 772.4340840000001,
            "p(95)": 29999.8657416
        },
        "ok_or_throttled": {
            "passes": 728,
            "fails": 61,
            "value": 0.9226869455006337
        },
        "status_429": {
            "passes": 0,
            "fails": 789,
            "value": 0
        },
        "http_req_waiting": {
            "med": 526.920334,
            "min": 94.764917,
            "max": 30001.661625,
            "p(90)": 769.2194422000001,
            "p(95)": 29999.6167668,
            "avg": 2899.5506580443575
        },
        "status_5xx": {
            "passes": 0,
            "fails": 789,
            "value": 0
        },
        "checks": {
            "passes": 728,
            "fails": 61,
            "value": 0.9226869455006337
        },
        "http_reqs": {
            "count": 789,
            "rate": 6.061943706468072
        },
        "http_req_connecting": {
            "p(90)": 0,
            "p(95)": 0,
            "avg": 6.811061419518379,
            "med": 0,
            "min": 0,
            "max": 777.600667
        },
        "vus_max": {
            "value": 20,
            "min": 20,
            "max": 20
        }
    }
}