{
    "metrics": {
        "status_200": {
            "passes": 382,
            "fails": 69,
            "value": 0.8470066518847007
        },
        "latency_200_ms": {
            "avg": 632.6936275392668,
            "med": 522.413,
            "min": 107.56325,
            "max": 15098.707174,
            "p(90)": 628.6943337,
            "p(95)": 663.5767958499999
        },
        "iteration_duration": {
            "min": 310.294291,
            "max": 30296.496055,
            "p(90)": 30202.409014,
            "p(95)": 30204.0239515,
            "avg": 5396.548146053222,
            "med": 757.711584
        },
        "http_req_receiving": {
            "p(90)": 0.829041,
            "p(95)": 1.0706459999999998,
            "avg": 0.2343507871396895,
            "med": 0.100125,
            "min": 0,
            "max": 4.623625
        },
        "vus_max": {
            "max": 20,
            "value": 20,
            "min": 20
        },
        "http_req_sending": {
            "min": 0.026542,
            "max": 8.766333,
            "p(90)": 0.412166,
            "p(95)": 0.5330834999999999,
            "avg": 0.2670587516629712,
            "med": 0.197458
        },
        "status_5xx": {
            "passes": 0,
            "fails": 451,
            "value": 0
        },
        "data_sent": {
            "count": 111838,
            "rate": 890.4368680093661
        },
        "http_req_failed": {
            "passes": 69,
            "fails": 382,
            "value": 0.15299334811529933
        },
        "http_req_duration": {
            "max": 30002.861666,
            "p(90)": 29999.648417,
            "p(95)": 30000.716249999998,
            "avg": 5006.568246638577,
            "med": 551.90175,
            "min": 107.56325
        },
        "http_req_blocked": {
            "max": 4790.673294,
            "p(90)": 0.001959,
            "p(95)": 0.005145499999999986,
            "avg": 184.80704970066563,
            "med": 0.000792,
            "min": 0.000083
        },
        "checks": {
            "passes": 382,
            "fails": 69,
            "value": 0.8470066518847007
        },
        "ok_or_throttled": {
            "passes": 382,
            "fails": 69,
            "value": 0.8470066518847007
        },
        "iterations": {
            "count": 451,
            "rate": 3.5907922841272564
        },
        "http_reqs": {
            "count": 451,
            "rate": 3.5907922841272564
        },
        "http_req_duration{expected_response:true}": {
            "max": 15098.707174,
            "p(90)": 628.6943337,
            "p(95)": 663.5767958499999,
            "avg": 632.6936275392668,
            "med": 522.413,
            "min": 107.56325
        },
        "status_429": {
            "passes": 0,
            "fails": 451,
            "value": 0
        },
        "data_received": {
            "count": 110851,
            "rate": 882.5785265804668
        },
        "latency_total_ms": {
            "avg": 5006.568246638577,
            "med": 551.90175,
            "min": 107.56325,
            "max": 30002.861666,
            "p(90)": 29999.648417,
            "p(95)": 30000.716249999998
        },
        "http_req_connecting": {
            "min": 0,
            "max": 1375.888875,
            "p(90)": 0,
            "p(95)": 0,
            "avg": 35.09658445898004,
            "med": 0
        },
        "http_req_waiting": {
            "max": 30002.761125,
            "p(90)": 29999.49275,
            "p(95)": 30000.3532295,
            "avg": 5006.066837099777,
            "med": 551.599334,
            "min": 107.164833
        },
        "vus": {
            "value": 2,
            "min": 2,
            "max": 20
        },
        "http_req_tls_handshaking": {
            "p(95)": 0,
            "avg": 146.16448926829267,
            "med": 0,
            "min": 0,
            "max": 3911.230377,
            "p(90)": 0
        }
    },
    "root_group": {
        "name": "",
        "path": "",
        "id": "d41d8cd98f00b204e9800998ecf8427e",
        "groups": {},
        "checks": {
                "ok or throttled": {
                    "name": "ok or throttled",
                    "path": "::ok or throttled",
                    "id": "2b4c5b9a31d27d8941525c094c7a4a63",
                    "passes": 382,
                    "fails": 69
                }
            }
    }
}