{
    "metrics": {
        "http_req_blocked": {
            "min": 0.000125,
            "max": 4801.041419,
            "p(90)": 0.0020294000000000006,
            "p(95)": 0.0036794999999999836,
            "avg": 176.0401593574383,
            "med": 0.000792
        },
        "ok_or_throttled": {
            "passes": 415,
            "fails": 69,
            "value": 0.8574380165289256
        },
        "http_req_failed": {
            "passes": 69,
            "fails": 415,
            "value": 0.14256198347107438
        },
        "http_req_tls_handshaking": {
            "max": 3962.746211,
            "p(90)": 0,
            "p(95)": 0,
            "avg": 144.91429242561986,
            "med": 0,
            "min": 0
        },
        "vus_max": {
            "max": 20,
            "value": 20,
            "min": 20
        },
        "http_req_receiving": {
            "max": 5.920875,
            "p(90)": 0.8313125,
            "p(95)": 1.1714079999999998,
            "avg": 0.255890326446281,
            "med": 0.11425,
            "min": 0
        },
        "latency_total_ms": {
            "med": 551.7967705,
            "min": 99.928875,
            "max": 30003.169625,
            "p(90)": 29999.6631457,
            "p(95)": 30000.506801800002,
            "avg": 4743.168364528925
        },
        "data_sent": {
            "count": 119170,
            "rate": 915.7340524378349
        },
        "http_req_sending": {
            "p(90)": 0.4054705,
            "p(95)": 0.4974168999999997,
            "avg": 0.22728854132231413,
            "med": 0.2082295,
            "min": 0.023375,
            "max": 1.491416
        },
        "data_received": {
            "count": 117382,
            "rate": 901.9945837312908
        },
        "iteration_duration": {
            "p(95)": 30203.548039,
            "avg": 5123.31689484711,
            "med": 759.6825,
            "min": 303.599417,
            "max": 30296.547973,
            "p(90)": 30202.3342887
        },
        "vus": {
            "value": 3,
            "min": 3,
            "max": 20
        },
        "status_200": {
            "passes": 415,
            "fails": 69,
            "value": 0.8574380165289256
        },
        "status_5xx": {
            "passes": 0,
            "fails": 484,
            "value": 0
        },
        "http_req_duration": {
            "p(95)": 30000.506801800002,
            "avg": 4743.168364528925,
            "med": 551.7967705,
            "min": 99.928875,
            "max": 30003.169625,
            "p(90)": 29999.6631457
        },
        "http_req_connecting": {
            "med": 0,
            "min": 0,
            "max": 830.606709,
            "p(90)": 0,
            "p(95)": 0,
            "avg": 29.90655089256198
        },
        "checks": {
            "passes": 415,
            "fails": 69,
            "value": 0.8574380165289256
        },
        "latency_200_ms": {
            "avg": 656.5413556240959,
            "med": 532.126542,
            "min": 99.928875,
            "max": 28617.021957,
            "p(90)": 641.6710592000001,
            "p(95)": 677.3229758
        },
        "iterations": {
            "count": 484,
            "rate": 3.719185041368734
        },
        "status_429": {
            "passes": 0,
            "fails": 484,
            "value": 0
        },
        "http_req_duration{expected_response:true}": {
            "med": 532.126542,
            "min": 99.928875,
            "max": 28617.021957,
            "p(90)": 641.6710592000001,
            "p(95)": 677.3229758,
            "avg": 656.5413556240959
        },
        "http_req_waiting": {
            "min": 99.333291,
            "max": 30002.968292,
            "p(90)": 29999.4880123,
            "p(95)": 30000.2598999,
            "avg": 4742.685185661158,
            "med": 550.7643125
        },
        "http_reqs": {
            "count": 484,
            "rate": 3.719185041368734
        }
    },
    "root_group": {
        "name": "",
        "path": "",
        "id": "d41d8cd98f00b204e9800998ecf8427e",
        "groups": {},
        "checks": {
                "ok or throttled": {
                    "name": "ok or throttled",
                    "path": "::ok or throttled",
                    "id": "2b4c5b9a31d27d8941525c094c7a4a63",
                    "passes": 415,
                    "fails": 69
                }
            }
    }
}