{
    "root_group": {
        "name": "",
        "path": "",
        "id": "d41d8cd98f00b204e9800998ecf8427e",
        "groups": {},
        "checks": {
                "ok or throttled": {
                    "passes": 617,
                    "fails": 63,
                    "name": "ok or throttled",
                    "path": "::ok or throttled",
                    "id": "2b4c5b9a31d27d8941525c094c7a4a63"
                }
            }
    },
    "metrics": {
        "ok_or_throttled": {
            "passes": 617,
            "fails": 63,
            "value": 0.9073529411764706
        },
        "vus_max": {
            "value": 20,
            "min": 20,
            "max": 20
        },
        "http_req_failed": {
            "fails": 617,
            "passes": 63,
            "value": 0.09264705882352942
        },
        "latency_200_ms": {
            "avg": 715.586963675852,
            "med": 524.486417,
            "min": 102.5055,
            "max": 26023.34129,
            "p(90)": 644.6048084,
            "p(95)": 712.3468756
        },
        "http_req_duration": {
            "avg": 3419.7750854779447,
            "med": 543.1976045,
            "min": 102.5055,
            "max": 30002.276708,
            "p(90)": 5946.86964020012,
            "p(95)": 30000.5119702
        },
        "status_429": {
            "passes": 0,
            "fails": 680,
            "value": 0
        },
        "http_req_receiving": {
            "avg": 0.35643365,
            "med": 0.109625,
            "min": 0,
            "max": 31.523625,
            "p(90)": 0.8846586000000002,
            "p(95)": 1.1876503
        },
        "vus": {
            "min": 4,
            "max": 20,
            "value": 4
        },
        "http_req_connecting": {
            "avg": 5.481575367647059,
            "med": 0,
            "min": 0,
            "max": 559.972584,
            "p(90)": 0,
            "p(95)": 0
        },
        "http_req_tls_handshaking": {
            "p(90)": 0,
            "p(95)": 0,
            "avg": 35.70548512941176,
            "med": 0,
            "min": 0,
            "max": 2894.513959
        },
        "http_reqs": {
            "count": 680,
            "rate": 5.222674299694177
        },
        "http_req_blocked": {
            "avg": 41.58007401911762,
            "med": 0.000792,
            "min": 0.000083,
            "max": 3534.78021,
            "p(90)": 0.002,
            "p(95)": 0.0030440499999999987
        },
        "http_req_duration{expected_response:true}": {
            "avg": 715.586963675852,
            "med": 524.486417,
            "min": 102.5055,
            "max": 26023.34129,
            "p(90)": 644.6048084,
            "p(95)": 712.3468756
        },
        "http_req_sending": {
            "max": 1.283416,
            "p(90)": 0.4042256,
            "p(95)": 0.49923539999999994,
            "avg": 0.2274042382352943,
            "med": 0.20227050000000002,
            "min": 0.027292
        },
        "iterations": {
            "count": 680,
            "rate": 5.222674299694177
        },
        "latency_total_ms": {
            "p(95)": 30000.5119702,
            "avg": 3419.7750854779447,
            "med": 543.1976045,
            "min": 102.5055,
            "max": 30002.276708,
            "p(90)": 5946.86964020012
        },
        "data_received": {
            "count": 149071,
            "rate": 1144.9254125436921
        },
        "data_sent": {
            "count": 161789,
            "rate": 1242.604782754737
        },
        "http_req_waiting": {
            "med": 542.739354,
            "min": 102.42525,
            "max": 30001.927333,
            "p(90)": 5946.67472320012,
            "p(95)": 30000.2516,
            "avg": 3419.191247589705
        },
        "status_200": {
            "passes": 617,
            "fails": 63,
            "value": 0.9073529411764706
        },
        "checks": {
            "passes": 617,
            "fails": 63,
            "value": 0.9073529411764706
        },
        "iteration_duration": {
            "avg": 3664.043774150001,
            "med": 748.8263755,
            "min": 305.870667,
            "max": 30205.662597,
            "p(90)": 6742.04877830011,
            "p(95)": 30203.3534988
        },
        "status_5xx": {
            "passes": 0,
            "fails": 680,
            "value": 0
        }
    }
}